"Salinity (g kg-1)","-5","-4","-3","-2","-1","0","1","2","3","4","5","6","7","8","9","10","11","12","13","14","15","16","17","18","19","20","21","22","23","24","25","26","27","28","29","30","31","32","33","34","35"
0,999.267626576998,999.423913956608,999.559382882179,999.674733245928,999.77063571256,999.847732502973,999.906638178036,999.947940422425,999.972200828508,999.979955680281,999.971716737337,999.947972018881,999.909186587768,999.855803334582,999.788243761725,999.706908767546,999.612179430481,999.504417793212,999.383967646849,999.251155315122,999.10629043859,998.949666758861,998.781562902822,998.602243166886,998.41195830124,998.210946294108,997.999433156018,997.77763370408,997.545752346265,997.303983865698,997.052514204947,996.791521250327,996.5211756162,996.241641429286,995.953077112975,995.655636171641,995.349467974963,995.034718542249,994.711531326757,994.380048000029,994.040409236219
1,1000.10877738473,1000.26035220541,1000.3912789512,1000.50225211546,1000.59393709323,1000.66697096488,1000.72196327992,1000.75949684089,1000.78012848719,1000.78438987908,1000.77278828163,1000.74580734875,1000.70390790721,1000.6475287408,1000.57708737431,1000.49298085779,1000.39558655058,1000.28526290555,1000.16235025326,1000.02717158614,999.880033342736,999.721226191897,999.551025817034,999.369693700356,999.177477907123,998.974613869912,998.761325172884,998.537824336064,998.304313599622,998.060985708165,997.808024695032,997.545606666594,997.273900586558,996.993069060278,996.703269119064,996.404653004506,996.097368952787,995.781561979011,995.457374661526,995.124947926254,994.784421831025
2,1000.94569422852,1001.09265354176,1001.2191324185,1001.32581995324,1001.41337627125,1001.48243331236,1001.5335956147,1001.56744109859,1001.58452185048,1001.58536490684,1001.57047303819,1001.54032553312,1001.49537898233,1001.43606806273,1001.36280632156,1001.27598696049,1001.17598361978,1001.06315116247,1000.93782645856,1000.80032916917,1000.65096253081,1000.49001413958,1000.3177567354,1000.13444898626,999.940336272502,999.735651471037,999.520615739657,999.295439301298,999.060322228324,998.815455226823,998.5610204209,998.297192136977,998.024137688105,997.742018158267,997.450989186696,997.151201752194,996.842802957446,996.525936813351,996.200745023345,995.867367767734,995.525944488019
3,1001.78019206967,1001.92259905376,1002.04469145566,1002.14715297093,1002.23063845508,1002.29577470731,1002.34316125436,1002.37337113434,1002.38695168066,1002.38442530602,1002.36629028635,1002.33302154492,1002.28507143631,1002.22287053059,1002.14682839737,1002.05733438996,1001.95475842955,1001.83945178931,1001.71174787866,1001.57196302742,1001.42039727007,1001.25733512993,1001.08304640342,1000.89778694434,1000.70179944805,1000.49531423584,1000.27855003912,1000.05171478371,999.81500637419,999.56861347811,999.312716310342,999.047487417359,998.773092461551,998.48969100553,998.197437296448,997.896481050317,997.586968236324,997.269041861162,996.942842753355,996.608510347588,996.266183469036
4,1002.61291857815,1002.75082432377,1002.86857989878,1002.96686359976,1003.04632501243,1003.10758579535,1003.15124046382,1003.17785717369,1003.18797850536,1003.18212224769,1003.16078218205,1003.12442886632,1003.07351041899,1003.00845330324,1002.92966311106,1002.83752534741,1002.73240621432,1002.61465339516,1002.48459683873,1002.34254954356,1002.18880834206,1002.02365468478,1001.84735542464,1001.66016360122,1001.46231922495,1001.25405006143,1001.0355724157,1000.8070919165,1000.56880430058,1000.32089619696,1000.06354591128,999.796924210055,999.52119510502,999.23651663741,998.943041662295,998.640918632894,998.330292384897,998.011304920788,997.684096194177,997.348804894127,997.005569229491
5,1003.44424807117,1003.57769668304,1003.69115829044,1003.78530579097,1003.86078350047,1003.91820793687,1003.95816860398,1003.9812287754,1003.98792627847,1003.9787742782,1003.95426206137,1003.91485582048,1003.86099943789,1003.79311526989,1003.71160493084,1003.6168500773,1003.50921319221,1003.38903836906,1003.25665209606,1003.11236404041,1002.95646783246,1002.78924185,1002.61095000243,1002.4218425151,1002.2221567135,1002.01211780757,1001.79193967594,1001.56182565027,1001.32196929947,1001.07255521407,1000.81375979043,1000.54575201513,1000.26869424924,999.982743012611,999.688049768234,999.384761706533,999.073022529698,998.752973236004,998.424752904147,998.088499477568,997.744350548792
6,1004.27443310844,1004.40346397772,1004.51266989637,1004.60271836293,1004.67424842339,1004.72787145498,1004.76417195001,1004.78370829979,1004.78701357859,1004.77459632757,1004.74694133888,1004.70451043963,1004.64774327603,1004.57705809749,1004.4928525407,1004.39550441385,1004.28537248072,1004.16279724495,1004.02810173416,1003.88159228419,1003.72355932335,1003.55427815663,1003.37400974994,1003.18300151437,1002.98148809046,1002.76969213249,1002.54782509271,1002.31608800565,1002.07467227243,1001.82376044502,1001.56352701056,1001.29413917565,1001.01575765071,1000.7285374342,1000.43262859703,1000.12817706684,999.815325412305,999.494213627496,999.164979916189,998.827761476206,998.482695283741
7,1005.1036591003,1005.22830815783,1005.33329330398,1005.4192766382,1005.48689193658,1005.53674543563,1005.56941661615,1005.58545898714,1005.58540086976,1005.56974618133,1005.53897521931,1005.49354544545,1005.4338922698,1005.36042983482,1005.27355179958,1005.17363212385,1005.06102585228,1004.93606989862,1004.79908382988,1004.65037065059,1004.49021758696,1004.3188968712,1004.13666652569,1003.94377114731,1003.74044269163,1003.52690125724,1003.30335587002,1003.07000526737,1002.82703868261,1002.57463662915,1002.3129716849,1002.04220927651,1001.7625084637,1001.47402272358,1001.17690073497,1000.87128716269,1000.55732344193,1000.23514856254,999.904899853391,999.566713766674,999.220726662256
8,1005.93206970347,1006.05237019904,1006.15316688357,1006.23511645743,1006.29884742678,1006.34496088737,1006.37403130848,1006.38660731676,1006.38321248026,1006.36434609241,1006.33048395603,1006.28207916743,1006.2195629005,1006.14334519078,1006.05381571966,1005.95134459851,1005.83628315283,1005.70896470648,1005.56970536585,1005.41880480413,1005.25654704546,1005.08320124924,1004.89902249435,1004.70425256339,1004.49912072701,1004.2838445281,1004.05863056614,1003.82367528143,1003.57916573945,1003.3252804151,1003.06218997701,1002.79005807188,1002.50904210876,1002.21929404338,1001.92096116247,1001.61418686805,1001.2991114618,1000.97587292937,1000.64460772471,1000.30545155438,999.958540161915
9,1006.75978049528,1006.87576352165,1006.97240195938,1007.05034710968,1007.11022220877,1007.15262321164,1007.17811957599,1007.18725504613,1007.18054843698,1007.15849441805,1007.1215642975,1007.07020680621,1007.00484888187,1006.92589645312,1006.83373522364,1006.72873145638,1006.6112327577,1006.48156886156,1006.34005241373,1006.18697975603,1006.02263171054,1005.84727436385,1005.66115985131,1005.46452714129,1005.25760281944,1005.040601873,1004.81372847503,1004.57717676874,1004.33113165176,1004.07576956044,1003.81125925419,1003.53776259972,1003.25543535542,1002.96442795563,1002.66488629498,1002.35695251272,1002.040765777,1001.71646306927,1001.38417996854,1001.04405143576,1000.69621259814
10,1007.58688708901,1007.69858195453,1007.79109062621,1007.86505900614,1007.92110506051,1007.95981960355,1007.98176708135,1007.98748635587,1007.97749148887,1007.95227252593,1007.91229628055,1007.85800711814,1007.78982774022,1007.70815996845,1007.61338552885,1007.50586683594,1007.3859477769,1007.25395449579,1007.11019617777,1006.95496583328,1006.78854108232,1006.61118493867,1006.42314659416,1006.22466220289,1006.01595566557,1005.79723941371,1005.56871519401,1005.33057485253,1005.08300111908,1004.82616839148,1004.56024351987,1004.285386591,1004.00175171258,1003.70948779758,1003.40873934852,1003.09964724184,1002.78234951222,1002.45698213686,1002.12367981986,1001.78257677655,1001.43380751781
11,1008.41347029926,1008.52090480404,1008.60931072484,1008.67932856451,1008.73157101926,1008.76662376249,1008.7850462287,1008.78737239745,1008.77411157733,1008.74574919,1008.70274755423,1008.64554667001,1008.57456500262,1008.49020026679,1008.39283021084,1008.28281340083,1008.16049000478,1008.02618257685,1007.88019684155,1007.72282247796,1007.554333904,1007.37499106062,1007.18504019611,1006.98471465033,1006.774235639,1006.55381303797,1006.3236461675,1006.08392457655,1005.83482882709,1005.57653127839,1005.30919687133,1005.03298391271,1004.74804485955,1004.45452710342,1004.15257375477,1003.84232442724,1003.52391602197,1003.19748351198,1002.86316072643,1002.52108113502,1002.17137863229
12,1009.23959960869,1009.34280025613,1009.42712918105,1009.4932214871,1009.54168460044,1009.57309905364,1009.58801926958,1009.5869743454,1009.57046883651,1009.53898354061,1009.49297628178,1009.43288269453,1009.35911700791,1009.2720728297,1009.1721239305,1009.05962502794,1008.93491257085,1008.79830552346,1008.65010614966,1008.49060079715,1008.32006068174,1008.13874267158,1007.94689007142,1007.74473340685,1007.53249120862,1007.31037079688,1007.07856906548,1006.83727326626,1006.58666179336,1006.32690496749,1006.05816582028,1005.78060087855,1005.49436094864,1005.19959190075,1004.89643545322,1004.58502995688,1004.26551117938,1003.9380130895,1003.60266864149,1003.25961055943,1002.90897212151
13,1010.0653355936,1010.16432775658,1010.24460434206,1010.30679505445,1010.35150204986,1010.37930072,1010.39074047609,1010.38634553286,1010.36661569251,1010.33202712879,1010.28303317104,1010.22006508829,1010.14353287337,1010.05382602708,1009.95131434229,1009.83634868819,1009.70926179442,1009.57036903529,1009.41996921403,1009.25834534697,1009.08576544782,1008.9024833119,1008.70873930042,1008.50476112472,1008.29076463054,1008.06695458235,1007.83352544758,1007.59066218095,1007.33854100875,1007.07733021316,1006.80719091653,1006.52827786572,1006.24074021638,1005.94472231733,1005.6403644948,1005.32780383682,1005.00717497753,1004.67861088148,1004.34224362802,1003.99820519558,1003.64662824603
14,1010.89073167911,1010.98553973344,1011.06178766702,1011.12009978499,1011.16107297336,1011.18527748297,1011.19325771338,1011.18553299688,1011.16259838244,1011.12492541984,1011.07296294368,1011.0071378575,1010.92785591789,1010.83550251865,1010.73044347495,1010.6130258075,1010.48357852675,1010.34241341708,1010.18982582105,1010.02609542363,1009.85148703642,1009.6662513819,1009.47062587774,1009.264835421,1009.04909317245,1008.82360134085,1008.58855196722,1008.34412770915,1008.09050262509,1007.82784295865,1007.55630792294,1007.27605048482,1006.98721814929,1006.68995374375,1006.38439620235,1006.0706813503,1005.74894268823,1005.41931217648,1005.08192101946,1004.73690044998,1004.38438251357
15,1011.71583544495,1011.8064828785,1011.87872498485,1011.9331806698,1011.9704415493,1011.99107273327,1011.99561360959,1011.98457862807,1011.95845808449,1011.91771890461,1011.86280542829,1011.79414019355,1011.71212472074,1011.61714029668,1011.50954875878,1011.38969327929,1011.25789914946,1011.11447456373,1010.95971140401,1010.79388602387,1010.61726003279,1010.43008108044,1010.23258364092,1010.02498979702,1009.80751002453,1009.58034397649,1009.34368126752,1009.09770225806,1008.84257883873,1008.57847521459,1008.30554868946,1008.02395045024,1007.73382635125,1007.43531769848,1007.12856203398,1006.81369392018,1006.49084572416,1006.16014840207,1005.82173228337,1005.47572785525,1005.12226654691
16,1012.5406896199,1012.62719912312,1012.69545745197,1012.74607811295,1012.77964745187,1012.79672543772,1012.7978464467,1012.78352004615,1012.75423177857,1012.71044394575,1012.65259639275,1012.58110729211,1012.49637392791,1012.39877347994,1012.28866380791,1012.16638423557,1012.03225633494,1011.88658471056,1011.72965778364,1011.56174857636,1011.38311549611,1011.19400311969,1010.99464297765,1010.78525433852,1010.56604499308,1010.33721203868,1010.0989426635,1009.85141493087,1009.59479856353,1009.329255728,1009.05494181884,1008.77200624296,1008.48059320399,1008.18084248654,1007.87289024055,1007.55686976563,1007.23291229537,1006.90114778166,1006.56170567908,1006.21471572915,1005.86030874475
17,1013.36533285424,1013.44772639626,1013.51202229644,1013.55882866191,1013.58872656834,1013.60227084379,1013.59999085273,1013.58239128,1013.54995291487,1013.50313343507,1013.44236819093,1013.36807098943,1013.2806348784,1013.18043293061,1013.06781902801,1012.94312864587,1012.80667963701,1012.65877301599,1012.49969374338,1012.32971150994,1012.14908152093,1011.95804528034,1011.75683137513,1011.54565625957,1011.32472503943,1011.09423225635,1010.85436267209,1010.60529205284,1010.34718795351,1010.08021050203,1009.8045131837,1009.52024362546,1009.22754438024,1008.92655371125,1008.61740637635,1008.30023441232,1007.97516791923,1007.64233584476,1007.30186676855,1006.9538896865,1006.59853479514
18,1014.18980033023,1014.26809922362,1014.32845340589,1014.37146558482,1014.39771156589,1014.40774103622,1014.40207834853,1014.38122330517,1014.34565194212,1014.2958173131,1014.23215027363,1014.15506026516,1014.06493609924,1013.96214674163,1013.84704209651,1013.71995379066,1013.58119595767,1013.43106602215,1013.26984548399,1013.09780070256,1012.91518368098,1012.72223285039,1012.51917385419,1012.30622033236,1012.08357470569,1011.85142896009,1011.6099654309,1011.35935758716,1011.09977081593,1010.8313632066,1010.55428633517,1010.26868604861,1009.97470324915,1009.67247467863,1009.36213370276,1009.04381109555,1008.71763582353,1008.38373583017,1008.04223882016,1007.69327304378,1007.33696808122
19,1015.01412425179,1015.08834920811,1015.14478179922,1015.18401933351,1015.20663234627,1015.21316538365,1015.20413778662,1015.180044475,1015.14135673149,1015.08852298575,1015.02196959852,1014.9421016457,1014.84930370254,1014.74394062778,1014.62635834783,1014.49688464097,1014.35582992156,1014.20348802426,1014.04013698825,1013.86603984151,1013.68144538503,1013.48658897709,1013.28169331754,1013.06696923204,1012.8426164564,1012.60882442082,1012.36577303419,1012.11363346842,1011.85256894272,1011.58273550789,1011.30428283068,1011.01735497807,1010.7220912016,1010.41862672171,1010.107093512,1009.78762108367,1009.46033726973,1009.12536900942,1008.7828431325,1008.43288714362,1008.07563000663
20,1015.83833424249,1015.90850542045,1015.96103600992,1015.99651791986,1016.01551641535,1016.01857090156,1016.00619570768,1015.978880871,1015.93709292092,1015.88127566304,1015.81185096328,1015.72921953201,1015.63376170816,1015.52583824344,1015.40579108648,1015.27394416706,1015.13060418029,1014.97606137088,1014.81059031732,1014.63445071616,1014.44788816627,1014.25113495306,1014.04441083282,1013.82792381692,1013.60187095616,1013.36643912501,1013.12180580594,1012.86813987372,1012.60560237968,1012.33434733608,1012.05452250039,1011.76627015959,1011.46972791453,1011.16502946425,1010.85230539025,1010.5316839409,1010.20329181571,1009.86725494968,1009.52369929764,1009.17275161861,1008.81454026009
21,1016.66245767281,1016.72859472036,1016.77724240133,1016.80898722526,1016.82438918701,1016.82398255073,1016.80827663384,1016.77775659105,1016.73288419847,1016.67409863762,1016.60181727961,1016.51643646923,1016.41833230912,1016.30786144393,1016.18536184452,1016.05115359215,1015.90553966268,1015.74880671085,1015.58122585447,1015.40305345865,1015.21453192013,1015.01589045147,1014.80734586536,1014.5891033589,1014.36135729786,1014.12429200101,1013.87808252438,1013.62289544557,1013.35888964807,1013.08621710557,1012.80502366625,1012.51544983712,1012.21763156833,1011.91170103751,1011.59778743406,1011.27601774352,1010.94651753188,1010.60941172993,1010.26482541756,1009.91288460814,1009.55371703284
22,1017.48651993216,1017.5486420234,1017.59342542858,1017.6214512578,1017.63327423565,1017.62942348526,1017.61040331225,1017.57669398878,1017.5287525376,1017.46701351619,1017.39188980081,1017.30377337067,1017.2030360921,1017.09003050269,1016.96509059552,1016.82853260331,1016.6806557827,1016.52174319844,1016.35206250762,1016.17186674395,1015.98139510202,1015.78087372153,1015.57051647158,1015.35052573498,1015.12109319249,1014.88240060714,1014.63462060854,1014.37791747713,1014.11244792854,1013.83836189789,1013.55580332408,1013.26491093413,1012.96581902749,1012.65865826039,1012.34355643012,1012.0206392594,1011.6900311807,1011.35185612057,1011.00623828399,1010.65330293867,1010.29317719946
23,1018.3105446569,1018.36867052483,1018.4096078583,1018.43393236788,1018.44219350795,1018.43491526055,1018.41259691951,1018.3757138744,1018.32471839465,1018.26004041362,1018.18208831275,1018.09124970565,1017.98789222234,1017.87236429335,1017.74499593394,1017.60609952832,1017.45597061388,1017.29488866537,1017.12311787919,1016.94090795762,1016.74849489309,1016.54610175244,1016.33393946119,1016.11220758784,1015.88109512814,1015.6407812894,1015.39143627476,1015.13322206754,1014.8662932155,1014.59079761518,1014.30687729619,1014.01466920558,1013.71430599209,1013.40591679053,1013.0896280061,1012.7655640987,1012.43384836726,1012.09460373412,1011.7479535293,1011.3940222749,1011.0329364694
24,1019.13455392327,1019.18870188894,1019.22581095439,1019.24645143073,1019.25116750202,1019.24047800928,1019.21487723447,1019.17483568459,1019.12080087572,1019.05319811711,1018.97243129535,1018.87888365847,1018.77291860014,1018.65488044381,1018.52509522696,1018.38387148527,1018.23150103684,1018.06825976645,1017.89440840979,1017.71019333771,1017.51584734047,1017.31159041206,1017.0976305344,1016.87416446168,1016.64137850465,1016.39944931488,1016.14854466907,1015.88882425338,1015.6204404477,1015.34353910999,1015.05826036061,1014.76473936657,1014.46310712594,1014.15349125213,1013.8360167582,1013.51080684124,1013.17798366667,1012.83766915258,1012.48998575406,1012.13505724758,1011.77300951526
25,1019.95856841189,1020.00875641038,1020.0420546365,1020.05902800182,1020.06021542012,1020.04613059133,1020.01726278558,1019.97407762725,1019.91701787906,1019.84650422616,1019.76293606027,1019.66669226382,1019.55813199412,1019.43759546757,1019.30540474383,1019.16186451003,1019.00726286502,1018.84187210358,1018.66594950067,1018.47973809571,1018.28346747682,1018.07735456509,1017.86160439887,1017.63641091804,1017.40195774831,1017.15841898553,1016.90595997996,1016.64473812059,1016.37490361945,1016.09660029592,1015.80996636107,1015.51513520193,1015.21223616585,1014.90139534484,1014.58273635985,1014.25638114515,1013.92245073262,1013.58106603612,1013.23234863582,1012.87642156253,1012.51341008204
26,1020.78260754888,1020.82885315276,1020.85835761591,1020.8716804504,1020.86935529966,1020.85189072255,1020.81977097733,1020.77345680577,1020.71338621722,1020.63997527268,1020.55361886902,1020.45469152305,1020.34354815575,1020.22052487642,1020.0859397669,1019.94009366577,1019.78327095262,1019.61574033222,1019.43775561882,1019.2495565204,1019.0513694229,1018.84340817455,1018.6258748701,1018.39896063511,1018.16284641029,1017.91770373573,1017.66369553525,1017.40097690068,1017.12969587618,1016.84999424256,1016.56200830158,1016.26586966029,1015.96170601534,1015.64964193732,1015.32979965507,1015.00229984003,1014.66726239055,1014.32480721628,1013.97505502243,1013.61812809418,1013.25415108098
27,1021.60668962778,1021.64901006822,1021.67473751305,1021.68442607477,1021.67860412649,1021.65777508595,1021.62241819955,1021.57298932642,1021.50992172253,1021.43362682475,1021.34449503506,1021.24289650467,1021.12918191817,1021.00368327779,1020.86671468754,1020.71857313745,1020.55953928783,1020.38987825344,1020.20984038782,1020.01966206749,1019.81956647624,1019.60976438941,1019.39045495814,1019.16182649369,1018.92405725174,1018.67731621664,1018.42176388576,1018.15755305377,1017.88482959695,1017.60373325754,1017.314398428,1017.01695493539,1016.71152882565,1016.39824314796,1016.07721873905,1015.74857500752,1015.41243071821,1015.06890477652,1014.71811701274,1014.36018896639,1013.99524467058
28,1022.43083191555,1022.46924410149,1022.4912109595,1022.49728120248,1022.48797793321,1022.46379942831,1022.42521992228,1022.37269039162,1022.30663933888,1022.22747357682,1022.13557901251,1022.03132143152,1021.91504728211,1021.78708445938,1021.64774308952,1021.49731631401,1021.33608107386,1021.16429889383,1020.98221666673,1020.79006743763,1020.58807118815,1020.37643562074,1020.15535694294,1019.92502065171,1019.68560231768,1019.43726836947,1019.18017687798,1018.91447834073,1018.64031646613,1018.35782895782,1018.06714829898,1017.76840253667,1017.46171606613,1017.14721041512,1016.82500502824,1016.49521805128,1016.15796711556,1015.81337012222,1015.46154602662,1015.10261562264,1014.73670232705
29,1023.25505074511,1023.28957128071,1023.30779368719,1023.3102612779,1023.29749188521,1023.26997864462,1023.22819077875,1023.17257438143,1023.1035532018,1023.02152942846,1022.9268844736,1022.81997975714,1022.70115749097,1022.57074146309,1022.42903782184,1022.27633586014,1022.11290879972,1021.93901457533,1021.75489661902,1021.56078464443,1021.356895431,1021.14343360828,1020.92059244023,1020.68855460946,1020.44749300159,1020.19757148948,1019.9389457176,1019.67176388627,1019.39616753604,1019.11229233197,1018.82026884795,1018.52022335103,1018.21227858573,1017.89655455841,1017.57316932155,1017.24223975812,1016.90388236589,1016.55821404179,1016.20535286622,1015.84541888742,1015.47853490581
30,1024.07936159666,1024.11000679718,1024.12450060673,1024.12338093902,1024.10716035609,1024.07632685225,1024.03134463822,1023.97265492516,1023.90067670881,1023.81580755359,1023.71842437677,1023.60888423266,1023.48752509674,1023.3546666499,1023.21061106266,1023.05564377935,1022.89003430241,1022.71403697656,1022.52789177314,1022.3318250743,1022.12605045732,1021.91076947886,1021.68617245926,1021.45243926682,1021.20974010211,1020.95823628227,1020.69808102527,1020.4294202343,1020.15239328202,1019.86713379489,1019.57377043751,1019.27242769694,1018.96322666699,1018.64628583259,1018.32172185411,1017.98965035168,1017.65018668956,1017.30344676042,1016.94954776973,1016.5886090201,1016.22075269557
31,1024.90377916941,1024.9305650758,1024.94134587642,1024.93665408537,1024.91699699427,1024.88285745629,1024.83469467021,1024.77294496451,1024.69802258151,1024.61032046145,1024.5102110267,1024.39804696589,1024.27416201813,1024.1388717572,1023.99247437574,1023.83525146954,1023.6674688217,1023.48937718696,1023.30121307589,1023.10319953919,1022.89554695194,1022.67845379793,1022.45210745387,1022.21668497375,1021.97235387309,1021.71927291327,1021.45759288583,1021.18745739677,1020.90900365086,1020.62236323599,1020.32766290747,1020.02502537232,1019.71457007367,1019.39641397503,1019.07067234464,1018.73745953982,1018.39688979126,1018.04907798742,1017.69414045882,1017.33219576242,1016.96336546594
32,1025.72831744508,1025.75125983738,1025.75834296355,1025.75009393803,1025.72701478203,1025.68958320756,1025.63825340144,1025.57345680949,1025.49560292057,1025.40508005075,1025.30225612746,1025.18747947368,1025.06107959213,1024.92336794944,1024.77463876043,1024.61516977228,1024.4452230488,1024.2650457547,1024.0748709398,1023.87491832332,1023.66539507819,1023.44649661527,1023.21840736768,1022.98130157505,1022.73534406789,1022.48069105181,1022.21749089189,1021.94588489696,1021.66600810391,1021.37799006204,1021.08195561735,1020.77802569687,1020.46631809302,1020.14694824787,1019.82003003755,1019.48567655654,1019.14400090202,1018.7951169582,1018.43914018065,1018.07618838069,1017.70638250967
33,1026.5529897445,1026.57210415417,1026.57550469877,1026.5637130931,1026.53722608796,1026.49651625413,1026.44203276652,1026.37420218823,1026.29342925467,1026.20009765772,1026.09457082989,1025.97719272848,1025.84828861981,1025.70816586338,1025.55711469613,1025.39540901668,1025.22330716953,1025.04105272933,1024.84887528517,1024.64699122481,1024.43560451897,1024.21490750561,1023.98508167423,1023.74629845015,1023.49871997882,1023.2424999101,1022.97778418261,1022.70471180799,1022.42341565526,1022.13402323512,1021.83665748427,1021.53143754974,1021.21847957322,1020.89789747539,1020.56980374023,1020.2343101994,1019.89152881654,1019.54157247161,1019.18455574527,1018.82059570316,1018.44981268029
34,1027.37780877805,1027.39311049933,1027.39284332477,1027.37752356949,1027.34764271384,1027.3036681874,1027.24604415313,1027.1751922914,1027.09151258418,1026.99538409913,1026.88716577384,1026.76719719992,1026.63579940728,1026.49327564829,1026.33991218203,1026.17597905851,1026.00173090292,1025.81740769989,1025.62323557773,1025.41942759274,1025.20618451344,1024.9836956049,1024.75213941299,1024.51168454869,1024.2624904724,1024.00470827824,1023.73848147835,1023.4639467872,1023.18123490593,1022.89047130663,1022.59177701671,1022.2852694032,1021.97106295705,1021.64927007753,1021.3200018565,1020.98336886278,1020.63948192648,1020.28845292332,1019.93039555901,1019.56542615354,1019.19366442559
35,1028.20278669091,1028.21429079143,1028.21037053986,1028.19153685165,1028.15827593668,1028.11105008333,1028.05029844257,1027.97643781207,1027.8898634203,1027.79094971076,1027.68005112603,1027.55750289209,1027.4236218024,1027.2787070022,1027.1230407727,1026.9568893153,1026.78050353589,1026.59411982903,1026.3979608623,1026.1922363605,1025.97714388998,1025.75286964287,1025.51958922143,1025.27746842232,1025.02666402087,1024.76732455545,1024.49959111173,1024.223598107,1023.9394740745,1023.64734244775,1023.34732234483,1023.03952935277,1022.72407631182,1022.40107409981,1022.07063241648,1021.73286056781,1021.38786825037,1021.03576633565,1020.67666765441,1020.310687781,1019.93794581773
36,1029.02793510379,1029.0356564343,1029.02809753715,1029.00576392808,1028.9691365465,1028.91867253956,1028.85480604626,1028.77794898152,1028.68849182035,1028.58680438201,1028.47323661415,1028.34811937704,1028.21176522773,1028.0644692043,1027.90650961008,1027.73814879787,1027.55963395424,1027.37119788371,1027.17305979308,1026.96542607569,1026.74849109567,1026.52243797225,1026.28743936406,1026.04365825341,1025.79124873061,1025.53035677824,1025.2611210555,1024.98367368251,1024.69814102462,1024.40464447674,1024.10330124767,1023.79422514441,1023.47752735648,1023.15331724031,1022.82170310351,1022.48279298921,1022.13669546046,1021.7835203845,1021.42337971713,1021.05638828706,1020.68266458026
37,1029.85326514958,1029.85721835309,1029.84603503989,1029.820215326,1029.78023488036,1029.72654570888,1029.65957693855,1029.57973560156,1029.48740741943,1029.3829575872,1029.26673155754,1029.13905582503,1029.0002387103,1028.85057114426,1028.69032745236,1028.51976613881,1028.33913067082,1028.14865026288,1027.94854066103,1027.7390049271,1027.52023422303,1027.29240859514,1027.05569775843,1026.81026188087,1026.5562523677,1026.29381264576,1026.02307894776,1025.74418109664,1025.45724328986,1025.16238488373,1024.85972117775,1024.54936419889,1024.23142348597,1023.90600687399,1023.57322127842,1023.23317347957,1022.88597090694,1022.53172242353,1022.1705391102,1021.80253505,1021.42782811255
38,1030.67878750657,1030.67898702681,1030.66419333346,1030.63490114279,1030.59158085325,1030.5346793295,1030.46462068653,1030.38180707376,1030.28661945924,1030.17941841375,1030.060544895,1029.93032103187,1029.78905090854,1029.63702134878,1029.47450270013,1029.30174961819,1029.11900185085,1028.92648502255,1028.72441141853,1028.51298076915,1028.29238103414,1028.06278918692,1027.82437199883,1027.57728682351,1027.32168238114,1027.0576995428,1026.78547211471,1026.50512762265,1026.21678809616,1025.92057085298,1025.61658928326,1025.30495363399,1024.98577179327,1024.65915007465,1024.32519400148,1023.98400909124,1023.63570163988,1023.28037950617,1022.91815289601,1022.54913514681,1022.17344351181
39,1031.50451242859,1031.50097251795,1031.48258229439,1031.44983107444,1031.40318398602,1031.34308275254,1031.26994647696,1031.18417242597,1031.08613681409,1030.97619558786,1030.85468521002,1030.72192344372,1030.57821013672,1030.4238280056,1030.25904342003,1030.08410718698,1029.899255335,1029.70470989847,1029.50067970186,1029.28736114404,1029.06493898254,1028.83358711783,1028.59346937765,1028.34474030126,1028.08754592381,1027.82202456058,1027.54830759136,1027.26652024469,1026.97678238225,1026.67920928316,1026.37391242827,1026.06100028456,1025.74057908939,1025.4127536349,1025.0776280523,1024.73530659623,1024.38589442911,1024.02949840545,1023.66622785621,1023.29619537315,1022.91951759315
40,1032.33044977237,1032.32318449932,1032.30121141675,1032.26501444145,1032.21505343082,1032.15176496698,1032.07556314089,1031.98684033644,1031.88596801465,1031.77329749781,1031.64916075368,1031.51387117967,1031.36772438712,1031.21099898541,1031.04395736633,1030.86684648822,1030.67989866029,1030.48333232685,1030.27735285161,1030.06215330193,1029.83791523312,1029.60480947274,1029.36299690489,1029.11262925448,1028.8538498716,1028.58679451575,1028.31159214025,1028.02836567645,1027.73723281814,1027.43830680582,1027.13169721105,1026.81751072076,1026.49585192162,1026.16682408433,1025.83052994796,1025.48707250432,1025.13655578229,1024.77908563213,1024.41477050984,1024.04372226154,1023.66605690777
